{
    "best_params": {
        "hidden_size": 95,
        "learning_rate": 0.00010253468438726556,
        "grad_clip": 2.0185834809684975
    },
    "best_value": 0.10758643954992295,
    "test_loss": 0.10374012559652329,
    "best_trial_number": 0,
    "configuration": {
        "optimizer": "adam",
        "loss": "mse",
        "search_space": {
            "hidden_size_range": [
                32,
                128
            ],
            "learning_rate_range": [
                0.0001,
                0.01
            ],
            "grad_clip_range": [
                0.1,
                5.0
            ]
        }
    }
}