{
    "best_params": {
        "hidden_size": 76,
        "learning_rate": 0.0011117464756757265,
        "grad_clip": 1.4178723371217765
    },
    "best_value": 0.09767974519729614,
    "test_loss": 0.09836166447401047,
    "best_trial_number": 0,
    "configuration": {
        "optimizer": "adam",
        "loss": "mse",
        "search_space": {
            "hidden_size_range": [
                32,
                128
            ],
            "learning_rate_range": [
                0.0001,
                0.01
            ],
            "grad_clip_range": [
                0.1,
                5.0
            ]
        }
    }
}